{
  "summary": {
    "num_sequences": 2,
    "model_config": {
      "name": "esm_backbone",
      "trainable": true,
      "vocabulary_size": 33,
      "num_layers": 6,
      "num_heads": 20,
      "hidden_dim": 320,
      "intermediate_dim": 1280,
      "dropout": 0,
      "max_wavelength": 10000,
      "use_bias": true,
      "activation": "gelu",
      "layer_norm_eps": 1e-05,
      "use_pre_layer_norm": false,
      "position_embedding_type": "rotary",
      "max_sequence_length": 1026,
      "pad_token_id": 1
    },
    "analysis_timestamp": "2024-01-01T00:00:00Z"
  },
  "individual_predictions": [
    {
      "sequence_id": 0,
      "sequence_length": 52,
      "metrics": {
        "tm_score": 0.4420165566213727,
        "gdt_score": 0.35361324529709814,
        "contact_precision_l": 0.6494705293150483,
        "contact_precision_l2": 0.5845234763835435,
        "contact_precision_l5": 0.5195764234520387,
        "perplexity": 5.505294706849517,
        "plddt_score": 95.0
      }
    },
    {
      "sequence_id": 1,
      "sequence_length": 51,
      "metrics": {
        "tm_score": 0.37639002364558727,
        "gdt_score": 0.3011120189164698,
        "contact_precision_l": 0.6356512407203733,
        "contact_precision_l2": 0.572086116648336,
        "contact_precision_l5": 0.5085209925762987,
        "perplexity": 5.6434875927962675,
        "plddt_score": 95.0
      }
    }
  ],
  "aggregate_statistics": {
    "mean_tm_score": 0.40920329013348,
    "mean_contact_precision": 0.6425608850177108,
    "mean_perplexity": 5.574391149822892,
    "mean_plddt": 95.0
  },
  "scaling_analysis": {},
  "correlations": {
    "perplexity_tm_score": -0.9999999999997831,
    "perplexity_contact_precision": -0.9999999999998371,
    "perplexity_plddt": 0.0
  }
}