{
  "summary": {
    "num_sequences": 2,
    "model_config": {
      "name": "esm_backbone",
      "trainable": true,
      "vocabulary_size": 33,
      "num_layers": 6,
      "num_heads": 20,
      "hidden_dim": 320,
      "intermediate_dim": 1280,
      "dropout": 0,
      "max_wavelength": 10000,
      "use_bias": true,
      "activation": "gelu",
      "layer_norm_eps": 1e-05,
      "use_pre_layer_norm": false,
      "position_embedding_type": "rotary",
      "max_sequence_length": 1026,
      "pad_token_id": 1
    },
    "analysis_timestamp": "2024-01-01T00:00:00Z"
  },
  "individual_predictions": [
    {
      "sequence_id": 0,
      "sequence_length": 52,
      "metrics": {
        "tm_score": 0.4259714470217092,
        "gdt_score": 0.3407771576173674,
        "contact_precision_l": 0.6285939802876256,
        "contact_precision_l2": 0.5657345822588631,
        "contact_precision_l5": 0.5028751842301005,
        "perplexity": 5.714060197123744,
        "plddt_score": 95.0
      }
    },
    {
      "sequence_id": 1,
      "sequence_length": 51,
      "metrics": {
        "tm_score": 0.46055171299296715,
        "gdt_score": 0.36844137039437375,
        "contact_precision_l": 0.6190204590074998,
        "contact_precision_l2": 0.5571184131067498,
        "contact_precision_l5": 0.4952163672059999,
        "perplexity": 5.809795409925002,
        "plddt_score": 95.0
      }
    }
  ],
  "aggregate_statistics": {
    "mean_tm_score": 0.4432615800073382,
    "mean_contact_precision": 0.6238072196475627,
    "mean_perplexity": 5.761927803524372,
    "mean_plddt": 95.0
  },
  "scaling_analysis": {},
  "correlations": {
    "perplexity_tm_score": 1.0000000000005516,
    "perplexity_contact_precision": -0.9999999999983527,
    "perplexity_plddt": 0.0
  }
}