{
  "summary": {
    "num_sequences": 2,
    "model_config": {
      "name": "esm_backbone",
      "trainable": true,
      "vocabulary_size": 33,
      "num_layers": 6,
      "num_heads": 20,
      "hidden_dim": 320,
      "intermediate_dim": 1280,
      "dropout": 0,
      "max_wavelength": 10000,
      "use_bias": true,
      "activation": "gelu",
      "layer_norm_eps": 1e-05,
      "use_pre_layer_norm": false,
      "position_embedding_type": "rotary",
      "max_sequence_length": 1026,
      "pad_token_id": 1
    },
    "analysis_timestamp": "2024-01-01T00:00:00Z"
  },
  "individual_predictions": [
    {
      "sequence_id": 0,
      "sequence_length": 52,
      "metrics": {
        "tm_score": 0.31009337099174317,
        "gdt_score": 0.24807469679339456,
        "contact_precision_l": 0.5997580364324216,
        "contact_precision_l2": 0.5397822327891795,
        "contact_precision_l5": 0.47980642914593735,
        "perplexity": 6.002419635675783,
        "plddt_score": 95.0
      }
    },
    {
      "sequence_id": 1,
      "sequence_length": 51,
      "metrics": {
        "tm_score": 0.45904172017374967,
        "gdt_score": 0.36723337613899976,
        "contact_precision_l": 0.6480386027535628,
        "contact_precision_l2": 0.5832347424782066,
        "contact_precision_l5": 0.5184308822028503,
        "perplexity": 5.519613972464372,
        "plddt_score": 95.0
      }
    }
  ],
  "aggregate_statistics": {
    "mean_tm_score": 0.3845675455827464,
    "mean_contact_precision": 0.6238983195929922,
    "mean_perplexity": 5.761016804070078,
    "mean_plddt": 95.0
  },
  "scaling_analysis": {},
  "correlations": {
    "perplexity_tm_score": -1.0000000000000544,
    "perplexity_contact_precision": -1.000000000000099,
    "perplexity_plddt": 0.0
  }
}