{
  "summary": {
    "num_sequences": 2,
    "model_config": {
      "name": "esm_backbone",
      "trainable": true,
      "vocabulary_size": 33,
      "num_layers": 6,
      "num_heads": 20,
      "hidden_dim": 320,
      "intermediate_dim": 1280,
      "dropout": 0,
      "max_wavelength": 10000,
      "use_bias": true,
      "activation": "gelu",
      "layer_norm_eps": 1e-05,
      "use_pre_layer_norm": false,
      "position_embedding_type": "rotary",
      "max_sequence_length": 1026,
      "pad_token_id": 1
    },
    "analysis_timestamp": "2024-01-01T00:00:00Z"
  },
  "individual_predictions": [
    {
      "sequence_id": 0,
      "sequence_length": 52,
      "metrics": {
        "tm_score": 0.48701819804096974,
        "gdt_score": 0.3896145584327758,
        "contact_precision_l": 0.6413758251839177,
        "contact_precision_l2": 0.5772382426655259,
        "contact_precision_l5": 0.5131006601471342,
        "perplexity": 5.586241748160823,
        "plddt_score": 95.0
      }
    },
    {
      "sequence_id": 1,
      "sequence_length": 51,
      "metrics": {
        "tm_score": 0.5112622918109572,
        "gdt_score": 0.40900983344876574,
        "contact_precision_l": 0.7086376567003496,
        "contact_precision_l2": 0.6377738910303147,
        "contact_precision_l5": 0.5669101253602797,
        "perplexity": 4.913623432996504,
        "plddt_score": 95.0
      }
    }
  ],
  "aggregate_statistics": {
    "mean_tm_score": 0.4991402449259634,
    "mean_contact_precision": 0.6750067409421336,
    "mean_perplexity": 5.249932590578664,
    "mean_plddt": 95.0
  },
  "scaling_analysis": {},
  "correlations": {
    "perplexity_tm_score": -0.9999999999998251,
    "perplexity_contact_precision": -1.0000000000000167,
    "perplexity_plddt": 0.0
  }
}